eq,L1,L2,k
L = 1.1111 * E,88.9274489640617,244.432972482226,0.159667650855584
L = 6.898 + 1.0753 * E,92.9602197320252,243.455224761335,0.159667629504216
L = 7.7911 + 1.0647 * E,93.004922077318,242.016454971613,0.159667575671492
L = 10.323 + 1.0559 * E,94.8325114321583,242.612426156285,0.159667580260867
